{"frame_idx": 58, "ate": 0.0914290599430582, "_timestamp": 1721711889.0340655, "_runtime": 45.6744384765625, "_step": 1, "_wandb": {"runtime": 87}}